{"cameraMode":{"drawMode":0,"name":"Shaded","section":"Shading Mode"},"sceneLighting":true,"audioPlay":false,"sceneViewState":{"showFog":true,"showMaterialUpdate":false,"showSkybox":false,"showFlares":true,"showImageEffects":true,"showParticleSystems":true},"in2DMode":false,"pivot":{"x":-11.719078063964844,"y":0.6287019848823547,"z":-12.084442138671875},"rotation":{"x":-0.2961083650588989,"y":0.20203712582588197,"z":-0.06417982280254364,"w":-0.931376039981842},"size":1.2395061254501343,"orthographic":false}