{"cameraMode":{"drawMode":0,"name":"Shaded","section":"Shading Mode"},"sceneLighting":true,"audioPlay":false,"sceneViewState":{"showFog":true,"showMaterialUpdate":false,"showSkybox":true,"showFlares":true,"showImageEffects":true,"showParticleSystems":true},"in2DMode":false,"pivot":{"x":15.119291305541993,"y":-0.04344940185546875,"z":29.63247299194336},"rotation":{"x":0.10648411512374878,"y":0.11458684504032135,"z":-0.012334936298429966,"w":0.9876506328582764},"size":26.4903564453125,"orthographic":false}