{"cameraMode":{"drawMode":0,"name":"Shaded","section":"Shading Mode"},"sceneLighting":false,"audioPlay":false,"sceneViewState":{"showFog":true,"showMaterialUpdate":false,"showSkybox":false,"showFlares":true,"showImageEffects":true,"showParticleSystems":true},"in2DMode":false,"pivot":{"x":-13.885512351989746,"y":3.093095302581787,"z":-4.441624164581299},"rotation":{"x":-0.281415194272995,"y":-0.16676011681556703,"z":0.04972674697637558,"w":-0.9436939358711243},"size":6.06267786026001,"orthographic":false}